album,fecha,tipo,id
Popular Monster,2024-08-16,album,2knEuvsxqHMAoxlQpIdpQD
Popolari,2024-03-29,album,3q0jSQN78hoqBtXB2JDaw5
Tell Me What You Want,2024-06-14,single,6MsZpxCoyp11InGYChBvtZ
Negative Spaces,2024-11-15,album,0YIOpXQvcbiDNPusSqi5Ew
POP,2024-10-24,single,70iQpz4rX77h7PbXSpaQra
POP,2024-10-11,album,3kiSpkynNw900nafYHesou
Pop,2024-05-03,single,2nGhGNH8tCKJofFxwhSGTE
Pop like this Pt. 2,2024-04-17,single,2ZdF0MMUCaIN52rySZXIQZ
"Pop Piano Covers: Relaxing and Famous Songs for Study, Sleep, and Relaxation | sad but comforting",2024-09-11,album,3hkiqiiKT2qYHWCGcBKcYM
Popurri 01: La Vecina / Guayabo Zarandiao / El Gabancito / Tu Alma Y La Mia / Tierra Negra / De Moda Que Si / Mi Sombrero,2024-05-01,single,5GKXAJLh8zlgNZA3qybaMt
P.O.P.,2024-05-14,album,54q5iCJaFUV78UzE47Szgb
POPO,2024-01-30,single,18Cf3fPeZ5mRYI8ihYBhqo
11:11,2024-04-16,single,0wS3wJYM763wGxGLDib2uy
Pop,2024-10-23,compilation,6x0v3KbdHW71AOF6wL3KYE
POP,2024-05-24,single,5ZPyZ4uSurGAfwOingItMR
"Ballet Class Pop Hits, Vol. 9",2024-09-18,album,2DlsUir8qG1efG1x9ooNi0
Slut Pop Miami,2024-02-14,album,32hFJhRyYyZF2e3JRkE0bK
emotions,2024-08-28,single,2cLSeCFCmTk5VIONpTv1S9
The Best Popular,2024-08-04,album,6FCkdwhaNtONdsOeoKAC1W
Over The Edge,2024-09-27,single,1pQpnHJS5cHXGgQZgUuMge
RUBY POP,2024-11-27,album,4hqJmt2QoyXsAvIMsHbRYd
Corazón Partío,2024-12-28,single,5zFpjiEauzmd0quSZxEXpy
20s Piano Pop Covers (Vol. 7),2024-10-31,album,01A257zf7HZPaCgSLJ7ISE
Popstars,2024-08-02,single,1k4UGrVdxv7CUF7kjtpdeS
Popstar,2024-02-16,single,5UVAkvDJ6kdhNSmcncgeeq
poppa.,2024-03-07,single,3ISFqS96zxVoFpIbubWk6m
Lobster Popstar,2024-04-26,album,4dEQKog3F57t9UmuvuRf88
POP UP,2024-09-26,single,6Ot4mjth1BcXriAF4mQj3I
POP EMPIRE,2024-08-09,single,6hFzXvJcKT3tiQ1LowbcxZ
V.A.N,2024-01-24,single,6MjPsfdd67Pm1CIi36YvJM
POP (feat. La Mano 1.9),2024-10-23,single,7Itb8iBp11bbasa17mHILM
Pop Romantyk,2024-01-19,album,5UeAVHAxf8ShwLW6vjumn9
Popurrí Quebraditas: Tumbando Caña / Como la Luna / Eva María (30 Aniversario),2024-03-15,single,4NpEVKlOcYVwkVZsCEgoJE
Souvenir Pop,2024-11-15,album,5p9vhjqlAS0iysPYKYlIW8
90's Pop Tour 5 Arena 20 (En Vivo Desde Arena CDMX),2024-10-25,album,5PeGqpTxthUNAoMhWUN8zj
POP OUT! Ⅱ,2024-04-17,album,1WSGYCNUQ6h1vMME5cAA2d
Hmm (feat. Popcaan),2024-10-10,single,4srn3PA7GARSVBnOZ9lM1c
PRINCESS POP THAT,2024-04-26,album,0aMQ5jGWMxqIOB5JjhOU3a
Vamos a Jugar Popurri,2024-08-22,single,7IxWu6oEziCsXRMmsGLrBK
Back To The Pops,2024-10-09,album,1CoO4fWucpSYWMiL73nH06
Popular,2024-08-12,album,7ATPxPDqVxuRslwT7utXdk
Me Papa Que É Pop (Slowed),2024-01-18,single,5m6leIrd8cHgr3sRI4yUfX
Skate Pop,2024-02-23,album,7y5727WTbpYwhumx9QyfUP
Lounge Covers of Popular Songs,2024-06-29,compilation,63LtEynlgk6JHJJw5szPNr
Me Papa Que É Pop (Super Slowed),2024-04-22,single,6k1LVdbZDF0cReCgg8ZSCt
Popstar,2024-08-16,single,0SGuzfvfWUC3GZbKZcKsLH
2020's Pop Lullabies for Babies,2024-12-20,album,3mORZbUNa6I8TaIt2l65bD
Olivia Pope,2024-10-25,single,2PVXytiR9RCW8cI5QnM9wR
POP OUT,2024-09-20,single,39K6t9dMsY5e7wwIlTRcnn
