artist,bio
Lisa Bassenge," <a href=""https://www.last.fm/music/Lisa+Bassenge"">Read more on Last.fm</a>"
Saginaw Society," <a href=""https://www.last.fm/music/Saginaw+Society"">Read more on Last.fm</a>"
Ferragno," <a href=""https://www.last.fm/music/Ferragno"">Read more on Last.fm</a>"
John Lee," <a href=""https://www.last.fm/music/John+Lee"">Read more on Last.fm</a>"
The Dox Band," <a href=""https://www.last.fm/music/The+Dox+Band"">Read more on Last.fm</a>"
Yusef Lateef,"William Emanuel Huddleston (Chatanooga, 9 de octubre de 1920), Yusef Lateef, es un flauta, oboe y saxofón (tenor) estadounidense, encuadrado habitualmente como músico de jazz, aunque su ámbito estilístico es el de la vanguardia musical en general: hard bop, new age, músicas del mundo, etc.

Lateef creció en Detroit y empezó tocando el saxo tenor a los 17 años. Trabajó con Lucky Millinder (1946), Hot Lips Page, Roy Eldridge y con la big band de Dizzy Gillespie (1949-50). <a href=""https://www.last.fm/music/Yusef+Lateef"">Read more on Last.fm</a>"
Carlton Maison Quartet," <a href=""https://www.last.fm/music/Carlton+Maison+Quartet"">Read more on Last.fm</a>"
Grace Carey," <a href=""https://www.last.fm/music/Grace+Carey"">Read more on Last.fm</a>"
Naama," <a href=""https://www.last.fm/music/Naama"">Read more on Last.fm</a>"
Hamilton Jones," <a href=""https://www.last.fm/music/Hamilton+Jones"">Read more on Last.fm</a>"
Marc & Friends," <a href=""https://www.last.fm/music/Marc+&+Friends"">Read more on Last.fm</a>"
Ikigai," <a href=""https://www.last.fm/music/Ikigai"">Read more on Last.fm</a>"
Delicatessen,"Hasta ahora se conocen hasta 3 bandas con el nombre de Delicatessen. 

1. Cuarteto de Porto Alegre(Brasil) que se dedican a recrear clásicos del jazz, algunos con toques levemente salpicados por los sabores de la bossa nova. 

2. Banda de Hip-Hop / Rap japonesa, más conocida por su participacion en el ending numero 18 del anime One Piece con la canción ''Adventure World''. La banda ha entrado en un hiatus indefinido.

http://www.avexnet.or.jp/delicatessen/index.html

3. Banda de Rock Alternativo de EE. UU. <a href=""https://www.last.fm/music/Delicatessen"">Read more on Last.fm</a>"
The Mill Basin Band," <a href=""https://www.last.fm/music/The+Mill+Basin+Band"">Read more on Last.fm</a>"
Ivory Soul Trio," <a href=""https://www.last.fm/music/Ivory+Soul+Trio"">Read more on Last.fm</a>"
Ibrahim Maalouf," <a href=""https://www.last.fm/music/Ibrahim+Maalouf"">Read more on Last.fm</a>"
Stella Cole," <a href=""https://www.last.fm/music/Stella+Cole"">Read more on Last.fm</a>"
Kenny Barron,"Kenny Barron (nacido el 9 de junio de 1943 en Philadelphia), es un pianista estadounidense de jazz.

Es el hermano menor del saxofonista tenor Bill Barron, y es conocido por su estilo lírico y flexible. Saltó a la fama musical cuando tocó el piano en el cuarteto de Dizzy Gillespie en los años sesenta. Ha trabajado con cientos de músicos de primera fila, como Yusef Lateef, James Moody, Joe Henderson, Freddie Hubbard, Buddy Rich, Ron Carter, Chet Baker, Benny Carter, Stan Getz, Regina Carter y Ornette Coleman. <a href=""https://www.last.fm/music/Kenny+Barron"">Read more on Last.fm</a>"
Alex Laude," <a href=""https://www.last.fm/music/Alex+Laude"">Read more on Last.fm</a>"
Duponte et Duponte," <a href=""https://www.last.fm/music/Duponte+et+Duponte"">Read more on Last.fm</a>"
Claire Martinelle," <a href=""https://www.last.fm/music/Claire+Martinelle"">Read more on Last.fm</a>"
Ennio Máno," <a href=""https://www.last.fm/music/Ennio+M%C3%A1no"">Read more on Last.fm</a>"
Susie Arioli," <a href=""https://www.last.fm/music/Susie+Arioli"">Read more on Last.fm</a>"
Irvin Smith Group," <a href=""https://www.last.fm/music/Irvin+Smith+Group"">Read more on Last.fm</a>"
Club des Belugas,"Club de beluga es un proyecto de nujazz, fundado por Maxim Illion y Kitty the Bill en 2002. CdB ha publicado 4 álbumes ""caviar at 3 a.m."" (2002), ""minority tunes"" (2003), ""apricoo soul"" (2006) y SWOP (2008) .

Club de  los Belugas es uno de los lideres del lounge y nujazz en Alemania, tal vez en Europa. Combinan Lounge Contemporáneo Europeo & Estilos Nujazz con Beats de Brasil y de Soul de los años cincuenta, sesenta y setenta, usando su creatividad única y la intensidad. <a href=""https://www.last.fm/music/Club+Des+Belugas"">Read more on Last.fm</a>"
Osmond Beliér," <a href=""https://www.last.fm/music/Osmond+Beli%C3%A9r"">Read more on Last.fm</a>"
Snorre Kirk," <a href=""https://www.last.fm/music/Snorre+Kirk"">Read more on Last.fm</a>"
Mike Coen," <a href=""https://www.last.fm/music/Mike+Coen"">Read more on Last.fm</a>"
Kendrettes," <a href=""https://www.last.fm/music/Kendrettes"">Read more on Last.fm</a>"
Jeremy Ledbetter Trio," <a href=""https://www.last.fm/music/Jeremy+Ledbetter+Trio"">Read more on Last.fm</a>"
Ballroom Jazz Collective," <a href=""https://www.last.fm/music/Ballroom+Jazz+Collective"">Read more on Last.fm</a>"
Sara Aldén," <a href=""https://www.last.fm/music/Sara+Ald%C3%A9n"">Read more on Last.fm</a>"
Lara Louise," <a href=""https://www.last.fm/music/Lara+Louise"">Read more on Last.fm</a>"
Charlie James-Walker," <a href=""https://www.last.fm/music/Charlie+James-Walker"">Read more on Last.fm</a>"
Avery Miller," <a href=""https://www.last.fm/music/Avery+Miller"">Read more on Last.fm</a>"
Art Beckett," <a href=""https://www.last.fm/music/Art+Beckett"">Read more on Last.fm</a>"
Mosaic Jazz Trio," <a href=""https://www.last.fm/music/Mosaic+Jazz+Trio"">Read more on Last.fm</a>"
Søren Bebe Trio," <a href=""https://www.last.fm/music/+noredirect/S%C3%B8ren+Bebe+Trio"">Read more on Last.fm</a>"
Reverie Trio," <a href=""https://www.last.fm/music/Reverie+Trio"">Read more on Last.fm</a>"
Olivia Dean,"Olivia Lauryn Dean es una cantante inglesa de neo soul. Su música se describe como ""baladas devastadoras y desgarradoras e himnos de amor propio para cantar"". Ha lanzado un álbum de estudio: Messy y cinco EP. <a href=""https://www.last.fm/music/Olivia+Dean"">Read more on Last.fm</a>"
Maria Kim," <a href=""https://www.last.fm/music/Maria+Kim"">Read more on Last.fm</a>"
Long Island Quartet," <a href=""https://www.last.fm/music/Long+Island+Quartet"">Read more on Last.fm</a>"
Elliot Baxter," <a href=""https://www.last.fm/music/Elliot+Baxter"">Read more on Last.fm</a>"
Jacob Schröder," <a href=""https://www.last.fm/music/Jacob+Schr%C3%B6der"">Read more on Last.fm</a>"
Boulevard Pacific," <a href=""https://www.last.fm/music/Boulevard+Pacific"">Read more on Last.fm</a>"
James Elias," <a href=""https://www.last.fm/music/James+Elias"">Read more on Last.fm</a>"
Svaneborg Kardyb," <a href=""https://www.last.fm/music/Svaneborg+Kardyb"">Read more on Last.fm</a>"
Myles Sanko," <a href=""https://www.last.fm/music/Myles+Sanko"">Read more on Last.fm</a>"
Copenhagen Jazzexperience," <a href=""https://www.last.fm/music/Copenhagen+Jazzexperience"">Read more on Last.fm</a>"
Gail Cameron," <a href=""https://www.last.fm/music/Gail+Cameron"">Read more on Last.fm</a>"
Jade Vieira," <a href=""https://www.last.fm/music/Jade+Vieira"">Read more on Last.fm</a>"
Rhys Wells," <a href=""https://www.last.fm/music/Rhys+Wells"">Read more on Last.fm</a>"
Kingsbury Station," <a href=""https://www.last.fm/music/Kingsbury+Station"">Read more on Last.fm</a>"
Sven Grimm," <a href=""https://www.last.fm/music/Sven+Grimm"">Read more on Last.fm</a>"
Hans Ulrik," <a href=""https://www.last.fm/music/Hans+Ulrik"">Read more on Last.fm</a>"
Andy Luma," <a href=""https://www.last.fm/music/Andy+Luma"">Read more on Last.fm</a>"
Catherine Russell,"Catherine Russell (Nueva York Estados Unidos, 1956) es una cantante de jazz y blues.

Su padre, Luis Russell, fue mucho tiempo el director musical de Louis Armstrong y su madre, Carline Ray, estaba diplomada a la vez en la Juilliard y en la Manhattan School of Music, que colaboró con la gran Mary Lou Williams y tocó la guitarra y actuó con la Internacional Sweethearts of Rhythm durante la Segunda Guerra Mundial.

De 2002 a 2004, Russell colaboró con David Bowie como miembro de su grupo <a href=""https://www.last.fm/music/Catherine+Russell"">Read more on Last.fm</a>"
Farmer Street Quartet," <a href=""https://www.last.fm/music/Farmer+Street+Quartet"">Read more on Last.fm</a>"
George Agate," <a href=""https://www.last.fm/music/George+Agate"">Read more on Last.fm</a>"
Emilie Schiøtt," <a href=""https://www.last.fm/music/Emilie+Schi%C3%B8tt"">Read more on Last.fm</a>"
Kupiers & Winter," <a href=""https://www.last.fm/music/Kupiers+&+Winter"">Read more on Last.fm</a>"
De-Phazz,"   De-Phazz  (abreviatura de Destination Future Jazz).es una banda de nu-jazz original de Alemania, fundada por Pit Baumgartner en 1997. El proyecto consiste en unir piezas musicales, creando música de gran belleza y fácil digestión. Se trata de un nu-jazz easy listening, en donde abundan influencias poperas y fondos trip-hop. Como puerta de entrada hacia el jazz electrónico la banda es, sin duda, una elegante fusión de ritmos tales como: soul, disco, break beat, dance, jazz. <a href=""https://www.last.fm/music/De-Phazz"">Read more on Last.fm</a>"
James Jackson Jazz Trio," <a href=""https://www.last.fm/music/James+Jackson+Jazz+Trio"">Read more on Last.fm</a>"
George Dukenfield," <a href=""https://www.last.fm/music/George+Dukenfield"">Read more on Last.fm</a>"
Cara Myers Trio," <a href=""https://www.last.fm/music/Cara+Myers+Trio"">Read more on Last.fm</a>"
Jorja Smith,"Jorja Smith, originaria de Inglaterra, es una cantante de 20 años que salió de las sombras con su single ‘Blue Lights’, que luego fue seguido por ‘A Prince’ y ‘Where did I go?’ (canción favorita del rapero Drake en su momento). Por otro lado lanzó ‘Beautiful Little Fool’ el Día Internacional de la Mujer para reflexionar sobre la situación de las mujeres en la sociedad actual y como nos afectan negativamente los estándares de belleza. <a href=""https://www.last.fm/music/Jorja+Smith"">Read more on Last.fm</a>"
Einar Magnusson," <a href=""https://www.last.fm/music/Einar+Magnusson"">Read more on Last.fm</a>"
Belleville," <a href=""https://www.last.fm/music/Belleville"">Read more on Last.fm</a>"
Jordan Rakei," <a href=""https://www.last.fm/music/Jordan+Rakei"">Read more on Last.fm</a>"
Two steps in the street," <a href=""https://www.last.fm/music/Two+steps+in+the+street"">Read more on Last.fm</a>"
Bernstein Square," <a href=""https://www.last.fm/music/Bernstein+Square"">Read more on Last.fm</a>"
Taylor Owen Trio," <a href=""https://www.last.fm/music/Taylor+Owen+Trio"">Read more on Last.fm</a>"
Gilberto Mota," <a href=""https://www.last.fm/music/Gilberto+Mota"">Read more on Last.fm</a>"
Ellen Andersson," <a href=""https://www.last.fm/music/Ellen+Andersson"">Read more on Last.fm</a>"
Green & the Blues," <a href=""https://www.last.fm/music/Green+&+The+Blues"">Read more on Last.fm</a>"
Donald Minestra," <a href=""https://www.last.fm/music/Donald+Minestra"">Read more on Last.fm</a>"
Lia Riggs Trio," <a href=""https://www.last.fm/music/Lia+Riggs+Trio"">Read more on Last.fm</a>"
Noah Henderson," <a href=""https://www.last.fm/music/Noah+Henderson"">Read more on Last.fm</a>"
Courtney Salas Group," <a href=""https://www.last.fm/music/Courtney+Salas+Group"">Read more on Last.fm</a>"
Cosmazul," <a href=""https://www.last.fm/music/Cosmazul"">Read more on Last.fm</a>"
Luke Marantz Trio," <a href=""https://www.last.fm/music/Luke+Marantz+Trio"">Read more on Last.fm</a>"
Thierry Marchal," <a href=""https://www.last.fm/music/Thierry+Marchal"">Read more on Last.fm</a>"
KTZ Players," <a href=""https://www.last.fm/music/KTZ+Players"">Read more on Last.fm</a>"
Eric Rowland," <a href=""https://www.last.fm/music/Eric+Rowland"">Read more on Last.fm</a>"
berlioz," <a href=""https://www.last.fm/music/+noredirect/Berlioz"">Read more on Last.fm</a>"
Gustav Lundgren Trio," <a href=""https://www.last.fm/music/Gustav+Lundgren+Trio"">Read more on Last.fm</a>"
Nouri,"Vivian Nouri es una artista neozelandesa de origen kurdo. El 6 de noviembre de 2018, 
NOURI lanzó su sencillo debut ""Adónde vamos desde aquí"". La canción debutó en el número uno en la lista Hot 20 Singles de Nueva Zelanda. El 8 de marzo de 2019, NOURI lanzó su segundo sencillo ""Favourite Goodbye"". <a href=""https://www.last.fm/music/Nouri"">Read more on Last.fm</a>"
Basinettes," <a href=""https://www.last.fm/music/Basinettes"">Read more on Last.fm</a>"
Jon Belle," <a href=""https://www.last.fm/music/Jon+Belle"">Read more on Last.fm</a>"
Frans Bak," <a href=""https://www.last.fm/music/Frans+Bak"">Read more on Last.fm</a>"
Adrian Berg," <a href=""https://www.last.fm/music/Adrian+Berg"">Read more on Last.fm</a>"
Seth Liane," <a href=""https://www.last.fm/music/Seth+Liane"">Read more on Last.fm</a>"
Anthony Hide Trio," <a href=""https://www.last.fm/music/Anthony+Hide+Trio"">Read more on Last.fm</a>"
Carl Bagge Trio," <a href=""https://www.last.fm/music/Carl+Bagge+Trio"">Read more on Last.fm</a>"
Midnight Trio," <a href=""https://www.last.fm/music/Midnight+Trio"">Read more on Last.fm</a>"
Nimelle," <a href=""https://www.last.fm/music/Nimelle"">Read more on Last.fm</a>"
Eleanor Rivers," <a href=""https://www.last.fm/music/Eleanor+Rivers"">Read more on Last.fm</a>"
Martina DaSilva," <a href=""https://www.last.fm/music/Martina+DaSilva"">Read more on Last.fm</a>"
Sean Murphy," <a href=""https://www.last.fm/music/Sean+Murphy"">Read more on Last.fm</a>"
Natalie Meir," <a href=""https://www.last.fm/music/Natalie+Meir"">Read more on Last.fm</a>"
Jill Barber," <a href=""https://www.last.fm/music/Jill+Barber"">Read more on Last.fm</a>"
Wes Ivory," <a href=""https://www.last.fm/music/Wes+Ivory"">Read more on Last.fm</a>"
chromas," <a href=""https://www.last.fm/music/Chromas"">Read more on Last.fm</a>"
High North Trio," <a href=""https://www.last.fm/music/High+North+Trio"">Read more on Last.fm</a>"
Nocturne des îles," <a href=""https://www.last.fm/music/Nocturne+des+%C3%AEles"">Read more on Last.fm</a>"
Emma Smith," <a href=""https://www.last.fm/music/Emma+Smith"">Read more on Last.fm</a>"
Trio Del Norte," <a href=""https://www.last.fm/music/Trio+Del+Norte"">Read more on Last.fm</a>"
Riley Cobb," <a href=""https://www.last.fm/music/Riley+Cobb"">Read more on Last.fm</a>"
More More," <a href=""https://www.last.fm/music/More+More"">Read more on Last.fm</a>"
Felix McCoy Quartet," <a href=""https://www.last.fm/music/Felix+McCoy+Quartet"">Read more on Last.fm</a>"
Martin Hoper," <a href=""https://www.last.fm/music/Martin+Hoper"">Read more on Last.fm</a>"
lofai," <a href=""https://www.last.fm/music/lofai"">Read more on Last.fm</a>"
Mandevilla," <a href=""https://www.last.fm/music/Mandevilla"">Read more on Last.fm</a>"
Derek Hines Trio," <a href=""https://www.last.fm/music/Derek+Hines+Trio"">Read more on Last.fm</a>"
Haruki," <a href=""https://www.last.fm/music/haruki"">Read more on Last.fm</a>"
The Grace Smith Gang," <a href=""https://www.last.fm/music/The+Grace+Smith+Gang"">Read more on Last.fm</a>"
Jimmy Udonis," <a href=""https://www.last.fm/music/Jimmy+Udonis"">Read more on Last.fm</a>"
Ben Lively," <a href=""https://www.last.fm/music/Ben+Lively"">Read more on Last.fm</a>"
Sha Ma K'ho," <a href=""https://www.last.fm/music/Sha+Ma+K%27ho"">Read more on Last.fm</a>"
Hudson Harris & Haim," <a href=""https://www.last.fm/music/Hudson+Harris+&+Haim"">Read more on Last.fm</a>"
Tiril Brandt," <a href=""https://www.last.fm/music/Tiril+Brandt"">Read more on Last.fm</a>"
Portiere Woodtar," <a href=""https://www.last.fm/music/Portiere+Woodtar"">Read more on Last.fm</a>"
Ellie Manne," <a href=""https://www.last.fm/music/Ellie+Manne"">Read more on Last.fm</a>"
Cozy Coffee Shop," <a href=""https://www.last.fm/music/Cozy+Coffee+Shop"">Read more on Last.fm</a>"
Nectar & Nymphs," <a href=""https://www.last.fm/music/Nectar+&+Nymphs"">Read more on Last.fm</a>"
Ferdi," <a href=""https://www.last.fm/music/FERDI"">Read more on Last.fm</a>"
Erik von Spreckelsen," <a href=""https://www.last.fm/music/Erik+von+Spreckelsen"">Read more on Last.fm</a>"
Trey Patton," <a href=""https://www.last.fm/music/Trey+Patton"">Read more on Last.fm</a>"
Charles Daisey & Friends," <a href=""https://www.last.fm/music/Charles+Daisey+&+Friends"">Read more on Last.fm</a>"
Carl Bagge," <a href=""https://www.last.fm/music/Carl+Bagge"">Read more on Last.fm</a>"
Jumaane Smith," <a href=""https://www.last.fm/music/jumaane+smith"">Read more on Last.fm</a>"
Chico Platinela," <a href=""https://www.last.fm/music/Chico+Platinela"">Read more on Last.fm</a>"
Diminished Fusion," <a href=""https://www.last.fm/music/Diminished+Fusion"">Read more on Last.fm</a>"
Dee Burton," <a href=""https://www.last.fm/music/Dee+Burton"">Read more on Last.fm</a>"
Tree Nomads," <a href=""https://www.last.fm/music/Tree+Nomads"">Read more on Last.fm</a>"
Ari Bragi Kárason," <a href=""https://www.last.fm/music/Ari+Bragi+K%C3%A1rason"">Read more on Last.fm</a>"
Jaden Cohen," <a href=""https://www.last.fm/music/Jaden+Cohen"">Read more on Last.fm</a>"
Nubiyan Twist," <a href=""https://www.last.fm/music/Nubiyan+Twist"">Read more on Last.fm</a>"
Camille Blanche," <a href=""https://www.last.fm/music/Camille+Blanche"">Read more on Last.fm</a>"
Leo Rio Trio," <a href=""https://www.last.fm/music/Leo+Rio+Trio"">Read more on Last.fm</a>"
Hamilton Reed Quartet," <a href=""https://www.last.fm/music/Hamilton+Reed+Quartet"">Read more on Last.fm</a>"
Evelyn Parker," <a href=""https://www.last.fm/music/Evelyn+Parker"">Read more on Last.fm</a>"
Isaiah Lewis," <a href=""https://www.last.fm/music/Isaiah+lewis"">Read more on Last.fm</a>"
Laura Romano," <a href=""https://www.last.fm/music/Laura+Romano"">Read more on Last.fm</a>"
Teuteu," <a href=""https://www.last.fm/music/TeuTeu"">Read more on Last.fm</a>"
Derik Fein," <a href=""https://www.last.fm/music/Derik+Fein"">Read more on Last.fm</a>"
The Hip Snacks," <a href=""https://www.last.fm/music/The+Hip+Snacks"">Read more on Last.fm</a>"
Eight Bar Band," <a href=""https://www.last.fm/music/Eight+Bar+Band"">Read more on Last.fm</a>"
Orange Jazz Quartet," <a href=""https://www.last.fm/music/Orange+Jazz+Quartet"">Read more on Last.fm</a>"
Kingsley Thomas," <a href=""https://www.last.fm/music/Kingsley+Thomas"">Read more on Last.fm</a>"
Nicholas Fischer," <a href=""https://www.last.fm/music/Nicholas+Fischer"">Read more on Last.fm</a>"
New Morning," <a href=""https://www.last.fm/music/New+Morning"">Read more on Last.fm</a>"
Deer Groves," <a href=""https://www.last.fm/music/Deer+Groves"">Read more on Last.fm</a>"
Coffee Relaxing Jazz," <a href=""https://www.last.fm/music/Coffee+Relaxing+Jazz"">Read more on Last.fm</a>"
Karl-Erik Trio," <a href=""https://www.last.fm/music/Karl-Erik+Trio"">Read more on Last.fm</a>"
The Holly Molly Trio," <a href=""https://www.last.fm/music/The+Holly+Molly+Trio"">Read more on Last.fm</a>"
Drew Milner," <a href=""https://www.last.fm/music/Drew+Milner"">Read more on Last.fm</a>"
Le Bleu Ensemble," <a href=""https://www.last.fm/music/Le+Bleu+Ensemble"">Read more on Last.fm</a>"
Tim Franks Trio," <a href=""https://www.last.fm/music/Tim+Franks+Trio"">Read more on Last.fm</a>"
Arthur Taylor Trio," <a href=""https://www.last.fm/music/Arthur+Taylor+Trio"">Read more on Last.fm</a>"
Novo Alonso," <a href=""https://www.last.fm/music/Novo+Alonso"">Read more on Last.fm</a>"
Téo Freire," <a href=""https://www.last.fm/music/T%C3%A9o+Freire"">Read more on Last.fm</a>"
Julius Palladini," <a href=""https://www.last.fm/music/Julius+Palladini"">Read more on Last.fm</a>"
Bill Laurance," <a href=""https://www.last.fm/music/Bill+Laurance"">Read more on Last.fm</a>"
Carla Anderson," <a href=""https://www.last.fm/music/Carla+Anderson"">Read more on Last.fm</a>"
Cole Peers trio," <a href=""https://www.last.fm/music/Cole+Peers+trio"">Read more on Last.fm</a>"
Miles Davis,"Miles Dewey Davis III, conocido artísticamente como Miles Davis, (Alton, 26 de mayo de 1926 - † Santa Mónica, 28 de septiembre de 1991), fue un trompetista y compositor estadounidense de jazz.

Se trata de una de las figuras más relevantes e influyentes de la historia del jazz, junto con artistas como Louis Armstrong, Duke Ellington, Charlie Parker y John Coltrane. La carrera de Miles, que abarca cincuenta años, recorre la historia del jazz a lo largo de toda la segunda mitad del siglo XX <a href=""https://www.last.fm/music/Miles+Davis"">Read more on Last.fm</a>"
Yorkville," <a href=""https://www.last.fm/music/yorkville"">Read more on Last.fm</a>"
Trio Serena," <a href=""https://www.last.fm/music/Trio+Serena"">Read more on Last.fm</a>"
Parov Stelar,"El austriaco Marcus Füreder, mucho más conocido como Parov Stelar, es una de las mayores revelaciones de los últimos años. Es un nuevo talento que está dando muchas alegrías a los amantes del jazz electrónico. Su música, descrita de manera sencilla, es una fusión de samples de jazz clásico (sacados de grabaciones de los años 20, 30 y 40) y beats entre house y breakbeat o, en palabras del austriaco, “la libertad del jazz combinada con el groove del house y breakbeat”. <a href=""https://www.last.fm/music/Parov+Stelar"">Read more on Last.fm</a>"
A Little Time," <a href=""https://www.last.fm/music/A+Little+Time"">Read more on Last.fm</a>"
Meg Lawrence," <a href=""https://www.last.fm/music/Meg+Lawrence"">Read more on Last.fm</a>"
Francis Graden," <a href=""https://www.last.fm/music/Francis+Graden"">Read more on Last.fm</a>"
Corin Stannard Trio," <a href=""https://www.last.fm/music/Corin+Stannard+Trio"">Read more on Last.fm</a>"
J for Jazz," <a href=""https://www.last.fm/music/J+For+Jazz"">Read more on Last.fm</a>"
Swing City Affair," <a href=""https://www.last.fm/music/Swing+City+Affair"">Read more on Last.fm</a>"
Bria Skonberg," <a href=""https://www.last.fm/music/Bria+Skonberg"">Read more on Last.fm</a>"
Lyn Ardbeg," <a href=""https://www.last.fm/music/Lyn+Ardbeg"">Read more on Last.fm</a>"
Thomas Bennett," <a href=""https://www.last.fm/music/Thomas+Bennett"">Read more on Last.fm</a>"
Sara Santos," <a href=""https://www.last.fm/music/Sara+Santos"">Read more on Last.fm</a>"
Ward Stetson," <a href=""https://www.last.fm/music/Ward+Stetson"">Read more on Last.fm</a>"
Lee Davis," <a href=""https://www.last.fm/music/Lee+Davis"">Read more on Last.fm</a>"
ABCastillo Skyline Band," <a href=""https://www.last.fm/music/ABCastillo+Skyline+Band"">Read more on Last.fm</a>"
Lau Noah," <a href=""https://www.last.fm/music/Lau+Noah"">Read more on Last.fm</a>"
Matt Dusk,"Matthew-Aaron Dusk  nacio el 19 de Noviembre de 1978 en Toronto, Canada. Musico de jazz y vocalista. Su mayor album ""Two Shots"" ha sido galardonado con disco de oro en Canada y ha aparecido en el show de Tv de Mark Burnett llamdo ""Thr Casino"". 

Desde temprana edad, Matt queria convertirse en cantante. A la edad de siete años fue aceptado en el coro de St. Michael's school, donde permanecio hasta los 11 años. Originalmente cantaba opera y musica <a href=""https://www.last.fm/music/Matt+Dusk"">Read more on Last.fm</a>"
John Dex," <a href=""https://www.last.fm/music/John+Dex"">Read more on Last.fm</a>"
Frank Guardiola," <a href=""https://www.last.fm/music/Frank+Guardiola"">Read more on Last.fm</a>"
Tom Rogers Band," <a href=""https://www.last.fm/music/Tom+Rogers+Band"">Read more on Last.fm</a>"
RAYE,"Rachel Keen (Tooting, Londres, 24 de octubre de 1997), conocida como RAYE, es una cantante y compositora británica. Alcanzó la fama tras la publicación en 2016 de «By Your Side», una canción de Jonas Blue en la que participó como vocalista y tuvo gran popularidad en la lista de éxitos musicales de Reino Unido.​ Su siguiente colaboración, «You Don't Know Me» junto con Jax Jones, obtuvo aún mayor notoriedad y se situó en la posición 3 en el listado de sencillos británica. <a href=""https://www.last.fm/music/RAYE"">Read more on Last.fm</a>"
Dan Evans-Parker," <a href=""https://www.last.fm/music/Dan+Evans-Parker"">Read more on Last.fm</a>"
Jules Moreau," <a href=""https://www.last.fm/music/Jules+Moreau"">Read more on Last.fm</a>"
Reed Stricklers," <a href=""https://www.last.fm/music/Reed+Stricklers"">Read more on Last.fm</a>"
Chops & Coda," <a href=""https://www.last.fm/music/Chops+&+Coda"">Read more on Last.fm</a>"
Gene Hart Trio," <a href=""https://www.last.fm/music/Gene+Hart+Trio"">Read more on Last.fm</a>"
Irvin Smith," <a href=""https://www.last.fm/music/Irvin+Smith"">Read more on Last.fm</a>"
Valentine Summers," <a href=""https://www.last.fm/music/Valentine+Summers"">Read more on Last.fm</a>"
Tara Lily," <a href=""https://www.last.fm/music/TARA+LILY"">Read more on Last.fm</a>"
Ray Love," <a href=""https://www.last.fm/music/Ray+Love"">Read more on Last.fm</a>"
Nathan Hill Trio," <a href=""https://www.last.fm/music/Nathan+Hill+Trio"">Read more on Last.fm</a>"
More than Jazz," <a href=""https://www.last.fm/music/More+Than+Jazz"">Read more on Last.fm</a>"
Menilmuche," <a href=""https://www.last.fm/music/Menilmuche"">Read more on Last.fm</a>"
Bill Parker," <a href=""https://www.last.fm/music/Bill+Parker"">Read more on Last.fm</a>"
Oliver Smith,"Oliver Smith 

Ha sido descrito como ""un excelente DJ"" por Armin van Buuren, ""lo mejor que puede pasar en trance"" de Mixmag y ""sensacional"" por la revista DJ Magazine. En los últimos años  ha producido publicado varios discos y ha actuado en los clubes más importantes del mundo.

La música de Oliver es interpretada regularmente por DJs como Above & Beyond, Tiesto, Myon & Shane54 y Paul van Dyk. Es uno de los artistas de Anjunabeats más reconocidos <a href=""https://www.last.fm/music/Oliver+Smith"">Read more on Last.fm</a>"
Halcyon Jazz Band," <a href=""https://www.last.fm/music/Halcyon+Jazz+Band"">Read more on Last.fm</a>"
Logan Jameison," <a href=""https://www.last.fm/music/Logan+Jameison"">Read more on Last.fm</a>"
Leandro Amor Trio," <a href=""https://www.last.fm/music/Leandro+Amor+Trio"">Read more on Last.fm</a>"
Sidney Hatfield Trio," <a href=""https://www.last.fm/music/Sidney+Hatfield+Trio"">Read more on Last.fm</a>"
Lluis Capdevila," <a href=""https://www.last.fm/music/Lluis+Capdevila"">Read more on Last.fm</a>"
Smith and Anderzzon," <a href=""https://www.last.fm/music/Smith+and+Anderzzon"">Read more on Last.fm</a>"
Annie Berenson," <a href=""https://www.last.fm/music/Annie+Berenson"">Read more on Last.fm</a>"
Emily Green Trio," <a href=""https://www.last.fm/music/Emily+Green+Trio"">Read more on Last.fm</a>"
Caravan Palace,"Caravan Palace es una banda francesa de Electro Gipsy. Su alineación actual consiste en Sonia Fernandez Velasco (voz y clarinete), Arnaud Vial (guitarra), Hugues Payen (voz y violin), Camille Chapelière (clarinete), Charles Delaporte (contrabajo) y Antoine Toustou (electrónica y trombón). El grupo se formó en 2005 luego de que 3 de sus miembros fueran contratados una productora de películas para proveer la banda sonora para películas de cine porno mudas.  <a href=""https://www.last.fm/music/Caravan+Palace"">Read more on Last.fm</a>"
CMC 3," <a href=""https://www.last.fm/music/CMC+3"">Read more on Last.fm</a>"
Pierre-Antoine Martin," <a href=""https://www.last.fm/music/Pierre-Antoine+Martin"">Read more on Last.fm</a>"
Bolden.," <a href=""https://www.last.fm/music/Bolden."">Read more on Last.fm</a>"
Jaden Berry," <a href=""https://www.last.fm/music/Jaden+Berry"">Read more on Last.fm</a>"
The Manhattan Trio," <a href=""https://www.last.fm/music/the+manhattan+trio"">Read more on Last.fm</a>"
Don & Gene," <a href=""https://www.last.fm/music/Don+&+Gene"">Read more on Last.fm</a>"
Korey Wade," <a href=""https://www.last.fm/music/Korey+Wade"">Read more on Last.fm</a>"
The Groove Trio," <a href=""https://www.last.fm/music/The+Groove+Trio"">Read more on Last.fm</a>"
Ilse Fisher," <a href=""https://www.last.fm/music/Ilse+Fisher"">Read more on Last.fm</a>"
Arkadi Martinë," <a href=""https://www.last.fm/music/Arkadi+Martin%C3%AB"">Read more on Last.fm</a>"
Morgan Meir," <a href=""https://www.last.fm/music/Morgan+Meir"">Read more on Last.fm</a>"
Ornette Haynes," <a href=""https://www.last.fm/music/Ornette+Haynes"">Read more on Last.fm</a>"
Anthony Lazaro," <a href=""https://www.last.fm/music/Anthony+Lazaro"">Read more on Last.fm</a>"
Duke Washington," <a href=""https://www.last.fm/music/Duke+Washington"">Read more on Last.fm</a>"
Conjunto Guantanamo," <a href=""https://www.last.fm/music/Conjunto+Guantanamo"">Read more on Last.fm</a>"
No.oN,"No.oN fue formado en 2003 por el músico y productor Pedro De Matteis y Monique Pouysségur y rapidamente comenzaron a editar temas en los compilados de musica electronica y chill out del sello PMB de Music Brokers, debutando con ""Winter Chill"" en Chill House Sessions. Siguieron ""Nude Study"" y ""Beautiful Angel"" en el disco Lounge Moderne a cargo de Pedro con otras colaboraciones vocales, ""Morning"" y ""September"" editados en Del Pita Pita Del, Chill In India y la edición de lujo de Tealosophy by Ines Berton <a href=""https://www.last.fm/music/No.oN"">Read more on Last.fm</a>"
Jazmina Tozer Three," <a href=""https://www.last.fm/music/Jazmina+Tozer+Three"">Read more on Last.fm</a>"
Carmen Simmons," <a href=""https://www.last.fm/music/Carmen+Simmons"">Read more on Last.fm</a>"
Benji Strings," <a href=""https://www.last.fm/music/Benji+Strings"">Read more on Last.fm</a>"
Quantic,"Quantic es uno de los proyectos de Will Holland. Con sólo 25 años, se ha convertido en la principal revelación de los últimos años, tan talentoso como prolífico. Su música es una brillante fusión de jazz y dance, en la que tienen cabida desde el funk hasta el soul, con elementos de hip-hop, breaks, jazz-house, música brasileña y afro-beat. Se trata de música electrónica con todo el sabor de la música negra clásica, siempre pensando en las pistas de baile. <a href=""https://www.last.fm/music/Quantic"">Read more on Last.fm</a>"
Erik Vårdstedt," <a href=""https://www.last.fm/music/Erik+V%C3%A5rdstedt"">Read more on Last.fm</a>"
Jazzbois," <a href=""https://www.last.fm/music/Jazzbois"">Read more on Last.fm</a>"
George Gower," <a href=""https://www.last.fm/music/George+Gower"">Read more on Last.fm</a>"
Mani Schmah," <a href=""https://www.last.fm/music/MANI+SCHMAH"">Read more on Last.fm</a>"
Nineve Wilson," <a href=""https://www.last.fm/music/Nineve+Wilson"">Read more on Last.fm</a>"
Ray Barretto,"Raymond Barretto Pagán (Nueva York, 29 de abril de 1929 - †Nueva Jersey, 17 de febrero de 2006), conocido como Ray Barretto, fue un percusionista estadounidense, uno de los más destacados compositores e intérpretes de jazz latino. De origen puertorriqueño, sus congas se han podido escuchar en cientos de discos, tanto de Jazz como de música latina.

La trayectoria musical de Barretto muestra una gran inquietud y una amplia gama de influencias musicales <a href=""https://www.last.fm/music/Ray+Barretto"">Read more on Last.fm</a>"
Melody Gardot,"Melody Gardot es una cantante y compositora de jazz americana, admiradora de las ""divas"" Billie Holiday, Ella Fitzgerald y Nina Simone. En sus conciertos, además de sus propios temas, interpreta canciones de The Mamas & The Papas, Radiohead y Duke Ellington. En su música se entrelazan elementos del jazz, blues y música folk y su disco parece el ""lugar"" en que Billie Holiday ""conoce"" a Tom Waitts con temas que hacen recordar desde la sofisticación de Cole Porter a la ""primera"" Rickie Le Jones. <a href=""https://www.last.fm/music/Melody+Gardot"">Read more on Last.fm</a>"
Midtown Players," <a href=""https://www.last.fm/music/Midtown+Players"">Read more on Last.fm</a>"
Adam Gallo," <a href=""https://www.last.fm/music/Adam+Gallo"">Read more on Last.fm</a>"
Tannenbaum Trio," <a href=""https://www.last.fm/music/Tannenbaum+Trio"">Read more on Last.fm</a>"
The Vanished People," <a href=""https://www.last.fm/music/The+Vanished+People"">Read more on Last.fm</a>"
Timothy Reisen," <a href=""https://www.last.fm/music/Timothy+Reisen"">Read more on Last.fm</a>"
Alec Taylor Trio," <a href=""https://www.last.fm/music/Alec+Taylor+Trio"">Read more on Last.fm</a>"
Michael Lavigne," <a href=""https://www.last.fm/music/Michael+Lavigne"">Read more on Last.fm</a>"
Karl-Erik," <a href=""https://www.last.fm/music/Karl-Erik"">Read more on Last.fm</a>"
Omar Apollo,"Omar Apolonio Velasco (nacido el 20 de mayo de 1997), conocido profesionalmente como Omar Apollo, es un cantautor mexicoestadounidense. Después de firmar un contrato discográfico con Warner Records, Lanzó su álbum debut Ivory en 2022 y este le valió una nominación a la categoría de Mejor Artista Nuevo en la 65.ª Entrega Anual de los Premios Grammy.​ Apolo canta en inglés y español. <a href=""https://www.last.fm/music/Omar+Apollo"">Read more on Last.fm</a>"
Trois Amis," <a href=""https://www.last.fm/music/Trois+Amis"">Read more on Last.fm</a>"
Benjamin Davies," <a href=""https://www.last.fm/music/Benjamin+Davies"">Read more on Last.fm</a>"
Velvet Groove," <a href=""https://www.last.fm/music/Velvet+Groove"">Read more on Last.fm</a>"
Sparrow & Bird," <a href=""https://www.last.fm/music/Sparrow+&+Bird"">Read more on Last.fm</a>"
Cecil Andrews," <a href=""https://www.last.fm/music/Cecil+Andrews"">Read more on Last.fm</a>"
Degli Scalzi," <a href=""https://www.last.fm/music/Degli+Scalzi"">Read more on Last.fm</a>"
Arta Porting," <a href=""https://www.last.fm/music/Arta+Porting"">Read more on Last.fm</a>"
Denzel Sachs," <a href=""https://www.last.fm/music/Denzel+Sachs"">Read more on Last.fm</a>"
Noodlin' Collective," <a href=""https://www.last.fm/music/Noodlin%27+Collective"">Read more on Last.fm</a>"
Mino Conte & Co," <a href=""https://www.last.fm/music/Mino+Conte+&+Co"">Read more on Last.fm</a>"
Gillian Spencer Trio," <a href=""https://www.last.fm/music/Gillian+Spencer+Trio"">Read more on Last.fm</a>"
A Whisper," <a href=""https://www.last.fm/music/A+Whisper"">Read more on Last.fm</a>"
Jakob München," <a href=""https://www.last.fm/music/Jakob+M%C3%BCnchen"">Read more on Last.fm</a>"
Frank Abrahall," <a href=""https://www.last.fm/music/Frank+Abrahall"">Read more on Last.fm</a>"
Graydon Poole," <a href=""https://www.last.fm/music/Graydon+Poole"">Read more on Last.fm</a>"
Will Mays," <a href=""https://www.last.fm/music/Will+Mays"">Read more on Last.fm</a>"
The Blue Versions," <a href=""https://www.last.fm/music/The+Blue+Versions"">Read more on Last.fm</a>"
Jonas Olofsson," <a href=""https://www.last.fm/music/Jonas+Olofsson"">Read more on Last.fm</a>"
Shen Lab," <a href=""https://www.last.fm/music/Shen+Lab"">Read more on Last.fm</a>"
Limelight Sound," <a href=""https://www.last.fm/music/Limelight+Sound"">Read more on Last.fm</a>"
Central Park Quartet," <a href=""https://www.last.fm/music/Central+Park+Quartet"">Read more on Last.fm</a>"
Aron Finneas," <a href=""https://www.last.fm/music/Aron+Finneas"">Read more on Last.fm</a>"
Måns & Dotter," <a href=""https://www.last.fm/music/M%C3%A5ns+&+Dotter"">Read more on Last.fm</a>"
Randall Peterson," <a href=""https://www.last.fm/music/Randall+Peterson"">Read more on Last.fm</a>"
Evan Jacobson," <a href=""https://www.last.fm/music/Evan+Jacobson"">Read more on Last.fm</a>"
Reuben Plays," <a href=""https://www.last.fm/music/Reuben+Plays"">Read more on Last.fm</a>"
Galeazzo," <a href=""https://www.last.fm/music/Galeazzo"">Read more on Last.fm</a>"
Nollaig Paolo," <a href=""https://www.last.fm/music/Nollaig+Paolo"">Read more on Last.fm</a>"
Lucas Collins," <a href=""https://www.last.fm/music/Lucas+Collins"">Read more on Last.fm</a>"
Hermanos Ferrando," <a href=""https://www.last.fm/music/Hermanos+Ferrando"">Read more on Last.fm</a>"
Billy Buss Quartet," <a href=""https://www.last.fm/music/Billy+Buss+Quartet"">Read more on Last.fm</a>"
Siberia,"Si bien su historia comienza en el año 2003, los verdaderos inicios de Siberia se remontan a la época escolar del trío. Apenas bordeando los 17 años, Jean- Philippe Cretton (guitarra y voz) e Ignacio “Chicha” Zabalza (bajo), formaron parte de una banda escolar influenciada sobre todo por Nirvana y Silverchair, en la cual ya se percibían los primeros atisbos de un sonido nuevo y que –aunque se componía netamente en inglés–, pretendía conjugar las citadas referencias con un acento local. <a href=""https://www.last.fm/music/Siberia"">Read more on Last.fm</a>"
Ekathé," <a href=""https://www.last.fm/music/Ekath%C3%A9"">Read more on Last.fm</a>"
Viktoria Tolstoy,"Viktoria Tolstoy Kjellberg, (Sigtuna, Suecia. 29 de julio de1974), Cantante sueca. Hija de Erik Kjellberg, y taratatata nieta del famoso escritor ruso León Tolstoy. 

Discografía:
1994 - Smile, Love and Spices 
1996 - För Älskad 
1997 - White Russian 
2001 - Blame It On My Youth 
2004 - Shining on You Richard Spencer 
2005 - My Swedish Heart 
2006 - Pictures Of Me 
2008 - My Russian Soul

Intervención en otras grabaciones:
2002 - Nils Landgren: Sentimental Journey 
 <a href=""https://www.last.fm/music/Viktoria+Tolstoy"">Read more on Last.fm</a>"
Morgan Jaquette," <a href=""https://www.last.fm/music/Morgan+Jaquette"">Read more on Last.fm</a>"
Joyce Trio," <a href=""https://www.last.fm/music/Joyce+Trio"">Read more on Last.fm</a>"
Jonathán Bridges," <a href=""https://www.last.fm/music/Jonath%C3%A1n+Bridges"">Read more on Last.fm</a>"
The Three Queens," <a href=""https://www.last.fm/music/The+Three+Queens"">Read more on Last.fm</a>"
Benjamine Leroy Quartet," <a href=""https://www.last.fm/music/Benjamine+Leroy+Quartet"">Read more on Last.fm</a>"
Saphena Trio," <a href=""https://www.last.fm/music/Saphena+Trio"">Read more on Last.fm</a>"
Kyrie Barnes," <a href=""https://www.last.fm/music/Kyrie+Barnes"">Read more on Last.fm</a>"
LÒNIS," <a href=""https://www.last.fm/music/L%C3%92NIS"">Read more on Last.fm</a>"
Eddie Harper," <a href=""https://www.last.fm/music/Eddie+Harper"">Read more on Last.fm</a>"
Haukur Ólafsson," <a href=""https://www.last.fm/music/Haukur+%C3%93lafsson"">Read more on Last.fm</a>"
Neil Chapman Green," <a href=""https://www.last.fm/music/Neil+Chapman+Green"">Read more on Last.fm</a>"
The Blue Green," <a href=""https://www.last.fm/music/The+Blue+Green"">Read more on Last.fm</a>"
James Earle Trio," <a href=""https://www.last.fm/music/James+Earle+Trio"">Read more on Last.fm</a>"
Gaston," <a href=""https://www.last.fm/music/Gaston"">Read more on Last.fm</a>"
Tranquil Jazz Trio," <a href=""https://www.last.fm/music/Tranquil+Jazz+Trio"">Read more on Last.fm</a>"
Novo Stella," <a href=""https://www.last.fm/music/Novo+Stella"">Read more on Last.fm</a>"
Laufey,"Laufey Lín Bing Jónsdóttir (en chino: 林冰; Reykjavík, Islandia, 23 de abril de 1999), conocida simplemente como Laufey, es una cantautora y productora islandesa. Alcanzó popularidad a principios de la década de 2020 por su estilo inspirado especialmente en el jazz. Los críticos señalan que sus canciones han recibido un éxito considerable para un género que, comercialmente, ha decaído en los últimos años.
Laufey a lo largo de su vida ha sido sumamente marcada por la música clásica <a href=""https://www.last.fm/music/Laufey"">Read more on Last.fm</a>"
Ezra Collective,"Ezra Collective is a British jazz quintet composed of drummer and bandleader Femi Koleoso, bassist TJ Koleoso, keyboardist Joe Armon-Jones, trumpeter Ife Ogunjobi, and tenor saxophonist James Mollison. The group fuses elements of afrobeat, calypso, reggae, hip-hop, soul and jazz, and frequently collaborates with fellow London-based jazz musicians such as Nubya Garcia and Moses Boyd. They are the recipients of the 2023 Mercury Music Prize. <a href=""https://www.last.fm/music/Ezra+Collective"">Read more on Last.fm</a>"
Russell Preston," <a href=""https://www.last.fm/music/russell+preston"">Read more on Last.fm</a>"
Tom Francis," <a href=""https://www.last.fm/music/Tom+Francis"">Read more on Last.fm</a>"
Caleb Arredondo," <a href=""https://www.last.fm/music/Caleb+Arredondo"">Read more on Last.fm</a>"
Pat Metheny,"Patrick Bruce Metheny (Nació el 12 de agosto de 1954 en Summit de Lee, Missouri) es un guitarrista de jazz estadounidense, líder del Pat Metheny Group.

Los contextos musicales de Metheny se pueden separar en varias ramas, la principal es su Pat Metheny Group además de varias colaboraciones, duetos, trabajos como solista y otros proyectos alternos.



Sitio oficial: http://www.patmetheny.com <a href=""https://www.last.fm/music/Pat+Metheny"">Read more on Last.fm</a>"
Prism Trio," <a href=""https://www.last.fm/music/Prism+Trio"">Read more on Last.fm</a>"
Black Gryph0n," <a href=""https://www.last.fm/music/Black+Gryph0n"">Read more on Last.fm</a>"
Cordeone," <a href=""https://www.last.fm/music/CORDEONE"">Read more on Last.fm</a>"
Noah Francis," <a href=""https://www.last.fm/music/Noah+Francis"">Read more on Last.fm</a>"
Tom Media," <a href=""https://www.last.fm/music/Tom+Media"">Read more on Last.fm</a>"
Nordic Swing," <a href=""https://www.last.fm/music/Nordic+Swing"">Read more on Last.fm</a>"
Changes,"Banda norteamericana de Neofolk, formada en 1969 por Robert N. Taylor and Nicholas Tesluk. <a href=""https://www.last.fm/music/Changes"">Read more on Last.fm</a>"
Dana Masters," <a href=""https://www.last.fm/music/Dana+Masters"">Read more on Last.fm</a>"
Ametrine Skies," <a href=""https://www.last.fm/music/Ametrine+Skies"">Read more on Last.fm</a>"
The North Sea Trio," <a href=""https://www.last.fm/music/The+North+Sea+Trio"">Read more on Last.fm</a>"
Obongjayar," <a href=""https://www.last.fm/music/Obongjayar"">Read more on Last.fm</a>"
Kristian Hart Trio," <a href=""https://www.last.fm/music/Kristian+Hart+Trio"">Read more on Last.fm</a>"
Nordic Light Trio," <a href=""https://www.last.fm/music/Nordic+Light+Trio"">Read more on Last.fm</a>"
Isac Solo," <a href=""https://www.last.fm/music/Isac+Solo"">Read more on Last.fm</a>"
Gus Anderson," <a href=""https://www.last.fm/music/Gus+Anderson"">Read more on Last.fm</a>"
Junity," <a href=""https://www.last.fm/music/Junity"">Read more on Last.fm</a>"
Estelle,"Estelle Fanta Swaray (nacida el 18 de Enero de 1980), simplemente conocida como Estelle, es una cantante-compositora, rapera, productora y ganadora del premio Grammy originaria del Oeste de Londres, Inglaterra. En liga con otras cantantes británicas de soul contemporáneas como Amy Winehouse, Adele y Duffy,
Estelle es conocida por su ecléctica mezcla de varios géneros musicales incluyendo rythm and blues, soul, reggae, rap, grime, hip hop, pop e incluso dance. <a href=""https://www.last.fm/music/Estelle"">Read more on Last.fm</a>"
Fred Hayes," <a href=""https://www.last.fm/music/FRED+HAYES"">Read more on Last.fm</a>"
Downtown Café," <a href=""https://www.last.fm/music/Downtown+Caf%C3%A9"">Read more on Last.fm</a>"
Vulfmon," <a href=""https://www.last.fm/music/Vulfmon"">Read more on Last.fm</a>"
Halie Loren,"Halie Loren es una cantante y compositora estadounidense. Nacimiento: 23 de octubre de 1984 (edad 39 años), Seattle, Washington, Estados Unidos
Su CD They Oughta Write a Song ganó el 2009 el premio Just Plain Folks de Mejor Álbum de Jazz Vocal y posteriormente en su distribución internacional fue aclamado, llegando al Núm. 2 en ventas de álbumes de jazz en Japón en 2010.​​​ Wikipedia <a href=""https://www.last.fm/music/Halie+Loren"">Read more on Last.fm</a>"
Bruce Willmington & Co," <a href=""https://www.last.fm/music/Bruce+Willmington+&+Co"">Read more on Last.fm</a>"
James Leeluck," <a href=""https://www.last.fm/music/James+Leeluck"">Read more on Last.fm</a>"
Ray Love Trio," <a href=""https://www.last.fm/music/Ray+Love+Trio"">Read more on Last.fm</a>"
Scott Hamilton," <a href=""https://www.last.fm/music/Scott+Hamilton"">Read more on Last.fm</a>"
Liana Flores," <a href=""https://www.last.fm/music/Liana+Flores"">Read more on Last.fm</a>"
Billie Holiday,"Eleanora Fagan Gough (Philadelphia, 7 de abril de 1915 - Nueva York, 17 de julio de 1959), Billie Holiday, cantante estadounidense de jazz, también llamada Lady Day. Junto con Sarah Vaughan y Ella Fitzgerald, está considerada por muchos como la más importante e influyente voz femenina del jazz.

El valor artístico de Billie Holiday reside en su capacidad interpretativa, en su dominio del ""swing"" y en la adaptación de sus cualidades vocales al contenido de la canción. <a href=""https://www.last.fm/music/Billie+Holiday"">Read more on Last.fm</a>"
Foster Davies," <a href=""https://www.last.fm/music/Foster+Davies"">Read more on Last.fm</a>"
Anthony Smith," <a href=""https://www.last.fm/music/Anthony+Smith"">Read more on Last.fm</a>"
The Belleville Band," <a href=""https://www.last.fm/music/The+Belleville+Band"">Read more on Last.fm</a>"
Boaz," <a href=""https://www.last.fm/music/Boaz"">Read more on Last.fm</a>"
Millie Blue," <a href=""https://www.last.fm/music/Millie+Blue"">Read more on Last.fm</a>"
Arto Ferrara," <a href=""https://www.last.fm/music/Arto+Ferrara"">Read more on Last.fm</a>"
Luca Sestak," <a href=""https://www.last.fm/music/Luca+Sestak"">Read more on Last.fm</a>"
The Urban Trio," <a href=""https://www.last.fm/music/The+Urban+Trio"">Read more on Last.fm</a>"
Maurillo," <a href=""https://www.last.fm/music/Maurillo"">Read more on Last.fm</a>"
Mayfare Trio," <a href=""https://www.last.fm/music/Mayfare+Trio"">Read more on Last.fm</a>"
Ron Bladworth," <a href=""https://www.last.fm/music/Ron+Bladworth"">Read more on Last.fm</a>"
Gottfried Barber Trio," <a href=""https://www.last.fm/music/Gottfried+Barber+Trio"">Read more on Last.fm</a>"
Adonis Rose," <a href=""https://www.last.fm/music/Adonis+Rose"">Read more on Last.fm</a>"
Laura Anglade," <a href=""https://www.last.fm/music/Laura+anglade"">Read more on Last.fm</a>"
Tommie Blayne," <a href=""https://www.last.fm/music/Tommie+Blayne"">Read more on Last.fm</a>"
Caity Gyorgy," <a href=""https://www.last.fm/music/Caity+Gyorgy"">Read more on Last.fm</a>"
Toti Cisneros," <a href=""https://www.last.fm/music/Toti+Cisneros"">Read more on Last.fm</a>"
Ola W Jansson," <a href=""https://www.last.fm/music/Ola+W+Jansson"">Read more on Last.fm</a>"
Henriette Martin," <a href=""https://www.last.fm/music/Henriette+Martin"">Read more on Last.fm</a>"
Irvine," <a href=""https://www.last.fm/music/Irvine"">Read more on Last.fm</a>"
Ordinary Sparks," <a href=""https://www.last.fm/music/Ordinary+Sparks"">Read more on Last.fm</a>"
Joe M. Key," <a href=""https://www.last.fm/music/Joe+M.+Key"">Read more on Last.fm</a>"
Julian Lage," <a href=""https://www.last.fm/music/Julian+Lage"">Read more on Last.fm</a>"
Joel Owen," <a href=""https://www.last.fm/music/Joel+Owen"">Read more on Last.fm</a>"
dublon," <a href=""https://www.last.fm/music/dublon"">Read more on Last.fm</a>"
Herman Fred Trio," <a href=""https://www.last.fm/music/Herman+Fred+Trio"">Read more on Last.fm</a>"
Alex Bird," <a href=""https://www.last.fm/music/Alex+Bird"">Read more on Last.fm</a>"
Tate Jackson Trio," <a href=""https://www.last.fm/music/Tate+Jackson+Trio"">Read more on Last.fm</a>"
Gabrielle,"Louise Gabrielle Bobb, conocida por su segundo nombre Gabrielle, nació el 16 de Abril de 1970, en Londres, Inglaterra. 

Ganadora multi-platino en ventas, Gabrielle ha ganado dos Brit Awards, la primera en 1994 por British Breakthrough Act, y la segunda en 1997 a la Mejor Mujer británica.

Su debut con el single ""Sueños"" encabezó las listas del Reino Unido en junio de 1993. Es el único que hasta ese momento había logrado un lugar tan alto de entrada en la lista Británica con el número 2. <a href=""https://www.last.fm/music/Gabrielle"">Read more on Last.fm</a>"
The Southern Belle," <a href=""https://www.last.fm/music/The+Southern+Belle"">Read more on Last.fm</a>"
Glass Trio," <a href=""https://www.last.fm/music/Glass+Trio"">Read more on Last.fm</a>"
Dave Oakley trio," <a href=""https://www.last.fm/music/Dave+Oakley+trio"">Read more on Last.fm</a>"
Harry Reed," <a href=""https://www.last.fm/music/Harry+Reed"">Read more on Last.fm</a>"
Trio Rosa," <a href=""https://www.last.fm/music/Trio+Rosa"">Read more on Last.fm</a>"
LaSalle Street Trio," <a href=""https://www.last.fm/music/LaSalle+Street+Trio"">Read more on Last.fm</a>"
Sverrir Audland," <a href=""https://www.last.fm/music/Sverrir+Audland"">Read more on Last.fm</a>"
Hollbeck," <a href=""https://www.last.fm/music/Hollbeck"">Read more on Last.fm</a>"
Quinn Perry Trio," <a href=""https://www.last.fm/music/Quinn+Perry+Trio"">Read more on Last.fm</a>"
Julian Emerson," <a href=""https://www.last.fm/music/Julian+Emerson"">Read more on Last.fm</a>"
Lennie Weston," <a href=""https://www.last.fm/music/Lennie+Weston"">Read more on Last.fm</a>"
Gregory Porter,"Con una voz que puede acariciar, abrazar o enfrentar, Gregory Porter nominado al Grammy, como “Best Jazz Vocal” por su álbum “Water” presenta un grado increíble de maestría vocal que hasta Wynton Marsalis ha dicho de él, que es “un fantástico cantante”, y de hecho, “Water” (con el sello discográfico “Motema Music”) fue su debut mas impresionante. También consiguió ser número 1 en iTunes y en Amazon en el Reino Unido. Y obtuvo importantes ventas que lo llevaron a ser incluido en la mejores listas del año 2010 <a href=""https://www.last.fm/music/Gregory+Porter"">Read more on Last.fm</a>"
Trio Musette," <a href=""https://www.last.fm/music/Trio+Musette"">Read more on Last.fm</a>"
Alec Taylor," <a href=""https://www.last.fm/music/Alec+Taylor"">Read more on Last.fm</a>"
